{
	"crypto": {
		"checksum": {
			"function": "sha256",
			"message": "24b120af5f061e719ece4de534427fe7b929c28bacbd7134e7dc04eb45c59eb9",
			"params": {}
		},
		"cipher": {
			"function": "aes-128-ctr",
			"message": "4adf298394ccc69a847a3405d416ea00962ec305b3cc031fbfbdffcdc2e3db4b",
			"params": {
				"iv": "3e2af15d47909095910d7f7894174c53"
			}
		},
		"kdf": {
			"function": "pbkdf2",
			"message": "",
			"params": {
				"c": 262144,
				"dklen": 32,
				"prf": "hmac-sha256",
				"salt": "30c1a711ccd399b9cccc5094860823a714f82df39161b78dfeca028952602273"
			}
		}
	},
	"uuid": "81893eb3-f21d-48b2-a5c4-254164482285",
	"pubkey": "b0c1703ca0226b33b3d73149ac1c91d903423970aba51d97ad7268c37d79b0c2cefcb496a8c78dac650dc2bc2212d34a",
	"version": 4,
	"description": "",
	"name": "keystore",
	"path": ""
}