{
	"crypto": {
		"checksum": {
			"function": "sha256",
			"message": "daa19bc8eaafac92bb7a9d92488c560d84294710ee356c45e2663398df15131c",
			"params": {}
		},
		"cipher": {
			"function": "aes-128-ctr",
			"message": "6a920ad890a94a706e4f052278395fba269af2dc114d95ab28720701956ae6b6",
			"params": {
				"iv": "ba9c4da2cec94e282b7439ce28bea4c9"
			}
		},
		"kdf": {
			"function": "pbkdf2",
			"message": "",
			"params": {
				"c": 262144,
				"dklen": 32,
				"prf": "hmac-sha256",
				"salt": "6459b830abe43803becd70cff2fe8f67b715d953b3fdec4137347a6711c259d3"
			}
		}
	},
	"uuid": "0a3dddcb-f2c5-45e6-8625-03a3b93e6aa0",
	"pubkey": "a42d8fd0af73dc1c2a0238545985c0dba04fd57bc2f66573c86cfbb9f2a3cd5c10d6ddb6a588500ef80f2f5b56b8a21b",
	"version": 4,
	"description": "",
	"name": "keystore",
	"path": ""
}