{
	"crypto": {
		"checksum": {
			"function": "sha256",
			"message": "bdb824570d681473a859c17985c7fb5231e2d55d441f7204d1866de99ca93b15",
			"params": {}
		},
		"cipher": {
			"function": "aes-128-ctr",
			"message": "32101daa560b0b3667719fb67eafa2fcefa9577e601de40171e1aee8e6fa021a",
			"params": {
				"iv": "09b743cc949b16c75dfc41fa84df3b34"
			}
		},
		"kdf": {
			"function": "pbkdf2",
			"message": "",
			"params": {
				"c": 262144,
				"dklen": 32,
				"prf": "hmac-sha256",
				"salt": "cb097562145ecc8deb762174af2d672b69210495456c9afee5140080fa587415"
			}
		}
	},
	"uuid": "5bebedbb-8e90-470a-b298-00802d3c07b9",
	"pubkey": "b2b9e80d6caf13e60bebe9cba1cc2c02b38539cb50cce922333667df861d4d1ed57518b997880dfec70232459792fb34",
	"version": 4,
	"description": "",
	"name": "keystore",
	"path": ""
}