{
	"crypto": {
		"checksum": {
			"function": "sha256",
			"message": "8d93d209f828fca7e6ed5c2ba531c2c63f296e2eb5e81373fd0e234934147763",
			"params": {}
		},
		"cipher": {
			"function": "aes-128-ctr",
			"message": "2211b26e018f9eb1bcfe50aaf01859e9ab8f06ed817aa034018d48e8ba292dce",
			"params": {
				"iv": "4dc71d75637eefa4941223eed0f1b28d"
			}
		},
		"kdf": {
			"function": "pbkdf2",
			"message": "",
			"params": {
				"c": 262144,
				"dklen": 32,
				"prf": "hmac-sha256",
				"salt": "b7bf5cf36a3e70d9dcecb555b5d7c1a17eb307ffd0ccd7548b1789e64f171add"
			}
		}
	},
	"uuid": "4260e7b6-0db5-4fb0-bca7-d57b4ddfde56",
	"pubkey": "8a80dbf32a2309f5b7332515842c7677900dab5bd42c074cb86e540b65184b0626c9d114941bbd9da2e35c3690e8d1f4",
	"version": 4,
	"description": "",
	"name": "keystore",
	"path": ""
}