{
	"crypto": {
		"checksum": {
			"function": "sha256",
			"message": "2e2a7c11e23a085d9639ca8e2a05b860e417937ad2c9cedbf9f167036c96cf38",
			"params": {}
		},
		"cipher": {
			"function": "aes-128-ctr",
			"message": "718153120767f627a99d6498f9d60f2234d899475f7b87f4dbbd3e0d13988e56",
			"params": {
				"iv": "8adab42f40131636f95405dbafefbf2f"
			}
		},
		"kdf": {
			"function": "pbkdf2",
			"message": "",
			"params": {
				"c": 262144,
				"dklen": 32,
				"prf": "hmac-sha256",
				"salt": "28adb9139de9ba89ace5b4aa539cd1ffdc97b154340d8fc859b74517d41070fa"
			}
		}
	},
	"uuid": "12efba07-8df3-4521-9010-17a0f0504971",
	"pubkey": "8f124155128c0f4ff8c2b0803c3390bf672e6d26480af4f9648b8d2214d642a6dc2c25c9a37ccc576766e5838d71f52a",
	"version": 4,
	"description": "",
	"name": "keystore",
	"path": ""
}