{
	"crypto": {
		"checksum": {
			"function": "sha256",
			"message": "7cd1e048d42ad30ac03855980a7b7535e8ec8fcbf7301f38adc4f3e064ac9b9d",
			"params": {}
		},
		"cipher": {
			"function": "aes-128-ctr",
			"message": "09669369080ffee3f6a5f92d7b51db0420786d0b35a137a8d8fba7889bcf0472",
			"params": {
				"iv": "254153df51bf1054ace3e8ba3a02be6f"
			}
		},
		"kdf": {
			"function": "pbkdf2",
			"message": "",
			"params": {
				"c": 262144,
				"dklen": 32,
				"prf": "hmac-sha256",
				"salt": "197ab9d52663976c5fc7bd54d4363f924f2b63ef402fe8c2c6fb056ab8f339f7"
			}
		}
	},
	"uuid": "042f4771-eddc-42d5-8c12-a0f423555077",
	"pubkey": "9336d96328c40234bc06c996062c791e632b7512021491cd5799e21a2c1429f4026107a3db8147acf6a5dae424114e4a",
	"version": 4,
	"description": "",
	"name": "keystore",
	"path": ""
}