{
	"crypto": {
		"checksum": {
			"function": "sha256",
			"message": "f1fbb3211f554c5c3e1faa832b688947637ce37bfd8c75ae96f91a0526a2d59e",
			"params": {}
		},
		"cipher": {
			"function": "aes-128-ctr",
			"message": "8ecb303f37690ebd1a49a8299cfd632de3ef6a035099a9382a1945801dd1057a",
			"params": {
				"iv": "9303e71fc20897e050004faa75e5368c"
			}
		},
		"kdf": {
			"function": "pbkdf2",
			"message": "",
			"params": {
				"c": 262144,
				"dklen": 32,
				"prf": "hmac-sha256",
				"salt": "3d104575300a1965454b56b5679c580cccd838bdf631dcdda5a3001c0910a1da"
			}
		}
	},
	"uuid": "d6fbad62-07b6-4c7d-b750-65f7a0cb012c",
	"pubkey": "a6281c80404bbd1ba05bda54acc3bfe8882bbc2688fa98e2a056281634f4d833a19f55d16925a2ff696142d9157b044e",
	"version": 4,
	"description": "",
	"name": "keystore",
	"path": ""
}