{
	"crypto": {
		"checksum": {
			"function": "sha256",
			"message": "3953d384f096625ce8716b0b990e1817f1bd1276a017ceea973493dad94cf281",
			"params": {}
		},
		"cipher": {
			"function": "aes-128-ctr",
			"message": "29a9d7629521e88cca6bc944400348c47e48bb3e58c844e979364f4e0af0a818",
			"params": {
				"iv": "2567640c1f9b0d16be2a4d90839a6afa"
			}
		},
		"kdf": {
			"function": "pbkdf2",
			"message": "",
			"params": {
				"c": 262144,
				"dklen": 32,
				"prf": "hmac-sha256",
				"salt": "8d7ad214ce153ac72290b697bea1f7d782be595509a625dd2f99a189de17863c"
			}
		}
	},
	"uuid": "37ce4624-320b-4255-af6b-68b7690e6b89",
	"pubkey": "ae5844366094dca50e2769381b1f4bd5b7b40545655322395c25787ad5992a17324cc466a0ed1b1d91433f3299f5fbe4",
	"version": 4,
	"description": "",
	"name": "keystore",
	"path": ""
}