{
	"crypto": {
		"checksum": {
			"function": "sha256",
			"message": "0f8d639d9e0bf2d1b76e2a66736d90675dd0fc20929ad04dd86709dfc246d24e",
			"params": {}
		},
		"cipher": {
			"function": "aes-128-ctr",
			"message": "fa0c9a6917e7b93352607ddcc8dfd01a09000ee0e55c4a3ea1fab27ef641b060",
			"params": {
				"iv": "ec972f943ab9c77f194686330ba1fbdd"
			}
		},
		"kdf": {
			"function": "pbkdf2",
			"message": "",
			"params": {
				"c": 262144,
				"dklen": 32,
				"prf": "hmac-sha256",
				"salt": "ab321237216536b1659836215902f1a73c23f03c01c1360c50496fd465489b19"
			}
		}
	},
	"uuid": "a0711316-4cf0-4e6e-a952-ed41f398838a",
	"pubkey": "987d3faea11e4ea83e2fd8edd77b0dcac4a1ee34ddc47b79c21bc0277e8fbb6c445f46732b4c745724b5d63a2d1ffe0e",
	"version": 4,
	"description": "",
	"name": "keystore",
	"path": ""
}