{
	"crypto": {
		"checksum": {
			"function": "sha256",
			"message": "d7a4032a74fe6f2f13f4d511892cca7ba2205762a835a6b52a54f4ddc9025895",
			"params": {}
		},
		"cipher": {
			"function": "aes-128-ctr",
			"message": "f4dac0f34f8867d93bca60cb5435ab0ff590333a568664f747c90c5ddb8036bb",
			"params": {
				"iv": "aa12381513e2064c2c114f752f586592"
			}
		},
		"kdf": {
			"function": "pbkdf2",
			"message": "",
			"params": {
				"c": 262144,
				"dklen": 32,
				"prf": "hmac-sha256",
				"salt": "0f95a8c1c4ec9e9e86c96c822c89409375f89abd0c68349a43b9cb2bad58d924"
			}
		}
	},
	"uuid": "add2322d-071c-4a01-8293-ea052c3eeeeb",
	"pubkey": "903d4355eec30b72c1daae28155b0a8c823a42846a73593f29610d6a031d1bb19018bc5022dd78e9eb187c0022beb6ed",
	"version": 4,
	"description": "",
	"name": "keystore",
	"path": ""
}