{
	"crypto": {
		"checksum": {
			"function": "sha256",
			"message": "4ee0adfead0ee97680d7c3cec89d099b8dc74959833a77a3fd216da9ef881f58",
			"params": {}
		},
		"cipher": {
			"function": "aes-128-ctr",
			"message": "7667519864fe6817b88222d85264d11c5af9acb92d54c7519a9efa127edc4e43",
			"params": {
				"iv": "8ef38183450b3886f0a143fe13815f4e"
			}
		},
		"kdf": {
			"function": "pbkdf2",
			"message": "",
			"params": {
				"c": 262144,
				"dklen": 32,
				"prf": "hmac-sha256",
				"salt": "d723be004523bcb81fea98091c3088827cb91ea00c4c09857a38eefe94e99f80"
			}
		}
	},
	"uuid": "62cf0a8b-5966-4b5d-9ad6-bf58952d8605",
	"pubkey": "80eb78dbc6276316b85c4a64ac8808657b9efa6f532c7466081fe0cb0571ff1afe83d24805534a27e67aacadde6eec79",
	"version": 4,
	"description": "",
	"name": "keystore",
	"path": ""
}