{
	"crypto": {
		"checksum": {
			"function": "sha256",
			"message": "2d83ac613d691d56f855d8665b6d5620148989d99571ec2fb1995816bde30693",
			"params": {}
		},
		"cipher": {
			"function": "aes-128-ctr",
			"message": "3a707efa676c1c4e34ea3a960d6fee7597e14762975dc08ef460f0f4c6c9ee1f",
			"params": {
				"iv": "78c3d83cdd7774b2a4ee2f97b76a64da"
			}
		},
		"kdf": {
			"function": "pbkdf2",
			"message": "",
			"params": {
				"c": 262144,
				"dklen": 32,
				"prf": "hmac-sha256",
				"salt": "9c83023b33085136def627e84fb66e7de16e5a610bb0445c0709eb9150cc81ee"
			}
		}
	},
	"uuid": "89a3995a-d9f2-4d7a-8aed-9dc814561e22",
	"pubkey": "a64558efcc199e05b8fc6af0c896168cb9773b5708405f601f265b62885e10586230ba00e1643149ae159c14b63da96b",
	"version": 4,
	"description": "",
	"name": "keystore",
	"path": ""
}