{
	"crypto": {
		"checksum": {
			"function": "sha256",
			"message": "e1f70912c0d4b5a118a9d811b0633e70483a811e3624f31a8094e10d9a0a9e4a",
			"params": {}
		},
		"cipher": {
			"function": "aes-128-ctr",
			"message": "112e953f4e97801a799d3b7acba099a9fbb661ea40d070fa7ddbdbdb9a38295f",
			"params": {
				"iv": "c1cba01b18358a0d925b28dd4adf1261"
			}
		},
		"kdf": {
			"function": "pbkdf2",
			"message": "",
			"params": {
				"c": 262144,
				"dklen": 32,
				"prf": "hmac-sha256",
				"salt": "a063b1cafa55f7eb7ba5a14f0bdf5f3d9708f9928495c332cdfb749150819253"
			}
		}
	},
	"uuid": "68591864-0098-4420-a8f3-01ac1366081e",
	"pubkey": "950c8ffdab725b4b37c3a4306474d357e577b151738d0f2c20853ffb7a08c28bf74e1c845b1d3940f9120aeeab133001",
	"version": 4,
	"description": "",
	"name": "keystore",
	"path": ""
}