{
	"crypto": {
		"checksum": {
			"function": "sha256",
			"message": "70c5053b5d4bf4cc2598a56a7122478f530e9d95fb054046b557a010b8863e29",
			"params": {}
		},
		"cipher": {
			"function": "aes-128-ctr",
			"message": "72565fafe2f47f66ab31222bf6ebb83b0a3fb515e536a2a3fda9b99172beb9ed",
			"params": {
				"iv": "0e425a79e1519b626221efd5e5d3dd32"
			}
		},
		"kdf": {
			"function": "pbkdf2",
			"message": "",
			"params": {
				"c": 262144,
				"dklen": 32,
				"prf": "hmac-sha256",
				"salt": "6dfd31d8ae7d43895f612013fe0c6f4ca4bea65a578bdfa8b1a1773afb51512b"
			}
		}
	},
	"uuid": "bee8ca5b-a9c9-401d-9c4d-2b508f376bc6",
	"pubkey": "8e9ca95e937faefdef56ef264363ac8486b4464f2d61c13b99b56869e0035a79f29506cd7b1a8fee04c2ca747cc47265",
	"version": 4,
	"description": "",
	"name": "keystore",
	"path": ""
}