{
	"crypto": {
		"checksum": {
			"function": "sha256",
			"message": "5444a90c233cbeeb3086581065be346eb305c3ca78a942fd23ca10efea5a047c",
			"params": {}
		},
		"cipher": {
			"function": "aes-128-ctr",
			"message": "92337448e552e2b00dd2529e31181d51a588bcc0d692eaa84bed58f7bcb036d3",
			"params": {
				"iv": "94e207970aa9485bce57a2df7805d346"
			}
		},
		"kdf": {
			"function": "pbkdf2",
			"message": "",
			"params": {
				"c": 262144,
				"dklen": 32,
				"prf": "hmac-sha256",
				"salt": "f61f35da8971ddf2ebb45088d39677c9ae019c6e490a4a88de02820e17e8f8d5"
			}
		}
	},
	"uuid": "1fca1435-1ab8-4faa-acff-abc6052d1acb",
	"pubkey": "810a650ae8b0389c34bd158fea40f15c1bfc2df05d00e59568eb697f7969d1ad8c8f42ee8474226d7f48c5d1594913b4",
	"version": 4,
	"description": "",
	"name": "keystore",
	"path": ""
}