{
	"crypto": {
		"checksum": {
			"function": "sha256",
			"message": "3b60a234394e0d64afadfeaab510016f6f72ca2a977d478454f6c8c4d5e9b9a4",
			"params": {}
		},
		"cipher": {
			"function": "aes-128-ctr",
			"message": "62b7a15734a0c66d8550eaa0e21ef9e24cb2fe70262e11cecc82f98c261b294d",
			"params": {
				"iv": "14da37f463d1774e829f89ea2e2f79aa"
			}
		},
		"kdf": {
			"function": "pbkdf2",
			"message": "",
			"params": {
				"c": 262144,
				"dklen": 32,
				"prf": "hmac-sha256",
				"salt": "cbb1b59c2f8372f496adad2920d3c4a495b57c4d53f61a6b3db80731f9214560"
			}
		}
	},
	"uuid": "0736ad8b-04a5-493f-a830-eb165e6568b2",
	"pubkey": "8fd531b3cfdbfbcef2f04187608be66cbc2c837facac755707b612fd6070ef09e78f7b28fd031071fa793a54d1c3d342",
	"version": 4,
	"description": "",
	"name": "keystore",
	"path": ""
}