{
	"crypto": {
		"checksum": {
			"function": "sha256",
			"message": "409521dc707c891754f9b6412ba37097bcf5b9017fecd727b7a653731a037c80",
			"params": {}
		},
		"cipher": {
			"function": "aes-128-ctr",
			"message": "0891a81609656babfa5eb509a100eb77dc56ccca5c7d0b4194d9df513c90d298",
			"params": {
				"iv": "a8f2f51964efea190ad99a427d1f7008"
			}
		},
		"kdf": {
			"function": "pbkdf2",
			"message": "",
			"params": {
				"c": 262144,
				"dklen": 32,
				"prf": "hmac-sha256",
				"salt": "c3ae717f3d8350294a34c4ad5ce4b511f8cf6e6f585218d46529100e8169cb71"
			}
		}
	},
	"uuid": "0483cf83-a03c-4d85-bbbe-eaaa0acf2e0e",
	"pubkey": "97fa9867312aa16ec1c28a414351d21322f2337e04bf34c8b5ad4a1e4cde15d25529165df0a5fa531bf3f02077ee8978",
	"version": 4,
	"description": "",
	"name": "keystore",
	"path": ""
}