{
	"crypto": {
		"checksum": {
			"function": "sha256",
			"message": "3b7a0b0be8f19d4d633dbe5b009b70296b768896a43ec023d1050e663af84014",
			"params": {}
		},
		"cipher": {
			"function": "aes-128-ctr",
			"message": "b66ee6167b1c64e56620d6f200f1e6f02a7e1085ab1b36f86951851eabb05863",
			"params": {
				"iv": "0bfda5698db2bbeddc87645b07443fda"
			}
		},
		"kdf": {
			"function": "pbkdf2",
			"message": "",
			"params": {
				"c": 262144,
				"dklen": 32,
				"prf": "hmac-sha256",
				"salt": "114155cf87902b412b8e43c8de2cb01c4d86a2d2836dd8305f939b431c0d008a"
			}
		}
	},
	"uuid": "834a57b7-7f45-4b46-9bd7-5da7d8a1c5d8",
	"pubkey": "b69457d778dd609308346602329495821969e26c80644f30df4f4e41ae955c240a2f0b8cb02d6d01525676932df174e7",
	"version": 4,
	"description": "",
	"name": "keystore",
	"path": ""
}