{
	"crypto": {
		"checksum": {
			"function": "sha256",
			"message": "a69db3ba7e5a93ff024f5b44f893bdbab45b3c231ddaf2c44c6fde32f1c91ec3",
			"params": {}
		},
		"cipher": {
			"function": "aes-128-ctr",
			"message": "01d6918f1cebc6e6700b4f0cb732f6c6b6a3d3c7aed30d7ae09fe67105138932",
			"params": {
				"iv": "7ea8ed1b86360dde189d866893c5e813"
			}
		},
		"kdf": {
			"function": "pbkdf2",
			"message": "",
			"params": {
				"c": 262144,
				"dklen": 32,
				"prf": "hmac-sha256",
				"salt": "3b65f010e1fda6212bb58cdf5f3b3b1ed92446c06671d95cf588a50196d3db8c"
			}
		}
	},
	"uuid": "97b6b75f-5633-4d67-bd0e-52a81d7f6913",
	"pubkey": "b3baf71dc234890671fc3292afde45e20ce83cb8cd65c614be9fa29932c34051a75cbc1e25b968cc72142c91a56b521a",
	"version": 4,
	"description": "",
	"name": "keystore",
	"path": ""
}