{
	"crypto": {
		"checksum": {
			"function": "sha256",
			"message": "860ba06e64cb81ddb74aeb6b76ff9e79542f3e13d5553c6c42c3bcc742ad9f6c",
			"params": {}
		},
		"cipher": {
			"function": "aes-128-ctr",
			"message": "9aa2a4581104df2d34f1aafe9adc58f5d5298a20b49281da56777e79e14d51f6",
			"params": {
				"iv": "8d9e9b74e7a04a83aad864bd0ff47dbe"
			}
		},
		"kdf": {
			"function": "pbkdf2",
			"message": "",
			"params": {
				"c": 262144,
				"dklen": 32,
				"prf": "hmac-sha256",
				"salt": "ffa66cb6c002755c393367f4a1e4f7b33ed7b57197a980b08375ed3358b6a010"
			}
		}
	},
	"uuid": "42fae906-39ff-43a5-ab7a-ed9e8f880e9e",
	"pubkey": "898fecdf50ab5a9259db6d24e56f3e0ee20a66f4a0efd488e0eca3bc348b9e5d85dc782be4bd2c7db442a1d6e82ccb58",
	"version": 4,
	"description": "",
	"name": "keystore",
	"path": ""
}